{
  "accuracy": 0.9950248756218906,
  "precision": 1.0,
  "recall": 0.8888888888888888,
  "f1_score": 0.9411764705882353,
  "last_trained_date": "2026-07-21 00:19:03",
  "total_samples": 1001,
  "fraud_ratio": 0.04595404595404595
}